name,description,createdBy
BOX,OIL,System
SHEGDI BAG,SHEGDI,System
PATTA BANDAL,,System
SPEAR PART BOX,,System
PESTISIDE BOX,,System
SHETI BOX,,System
NUT BOLT BAG,,System
SANMIKE ROLL,,System
AGARBATTI BOX,,System
PAPER BOX,,System
AXEL 90 M.M,,System
DISC,,System
SHETI BAG,,System
VACSINE BOX,,System
PLASTIC ROLL,,System
KAGAD ROLL,,System
PLYWOOD PISCES,,System
PUMP PETI 5.0 HP,,System
PUMP ROLL,,System
PUMP MOTAR 7.5 HP,,System
BUMPER BANDAL,,System
CHAKKI BOX,,System
JACK,,System
PIPE BUNDAL,,System
SINGEL PIPE,,System
GOAL PIPE BUNDAL,,System
DARVAJA BUNDAL,,System
10.00-20 TYRE,TYRE,System
8.25-20 TYRE,,System
8.25-16 TYRE,,System
9.00-16 TYRE,,System
FLEX ROLL,,System
PUMP BOX,,System
BAG BUNDAL,,System
KAPAD GATH,,System
7.00R15 TYRE,,System
6.00-16 TYRE,,System
COMPUTER BOX,,System
BARAL,,System
DRUM OIL,,System
OIL BUCKET,OIL,System
COLOUR BUCKET,COLOUR,System
COLOUR BAG,,System
14.9-28 TYRE,,System
13.6-28 TYRE,,System
16.9-28 TYRE,,System
9.00-20 TYRE,TYRE,System
BATTERY BOX,,System
TUBE BAG,,System
THIBAK BUNDAL,,System
WALL POCKET,,System
195/80R15 TYRE,,System
3.00-18 TYRE,,System
2.75-18 TYRE,,System
145/80R12 TYRE,,System
BIG BOX,,System
SMALL BOX,,System
145/R12 TYRE,,System
195/80D15 TYRE,,System
165/65R14 TYRE,,System
145/70R12 TYRE,,System
185/R14 TYRE,,System
155/80D12 TYRE,,System
175/65R14 TYRE,,System
165/65R13 TYRE,,System
175/70R14 TYRE,,System
205/65R15 TYRE,,System
155/70R13 TYRE,,System
4.50-10 TYRE,,System
7.50-16 TYRE,,System
235/75R17 TYRE,,System
7.00-16 TYRE,,System
165/80D13 TYRE,,System
215/75R15 TYRE,,System
215/75R16 TYRE,,System
185/65R15 TYRE,,System
155R13 TYRE,,System
185/70R14 TYRE,,System
185/85R16 TYRE,,System
11.00-20 TYRE,,System
AXEL 80 M.M,,System
AXEL 75 M.M,,System
AXEL 50 M.M,,System
HOOD BUNDAL,,System
HALF,,System
PUMP PETI 3.0 HP,,System
PUMP PETI 7.5 HP,,System
PUMP PETI 10.0 HP,,System
PUMP PETI 12.5 HP,,System
PUMP PETI 15.0 HP,,System
PUMP PETI 20.0 HP,,System
PUMP PETI 25.0 HP,,System
PUMP MOTAR 3.0 HP,,System
PUMP MOTAR 5.0 HP,,System
TYRE BUNDAL,,System
8.00-18 TYRE,,System
COPPER BOX,,System
P.U.C BOX,,System
ELECTRICAL BOX,,System
P.U.C GONI,,System
PAPER ROLL,,System
RUBBER BUNDAL,,System
MEDICINE BOX,,System
TILES BOX,,System
SHIT BUNDAL,,System
PEN BOX,PEN,System
FEVICOL DRUM,FEVICOL,System
COOKER BOX,COOKER BOX,System
TUBE BUCKET,TUBE BUCKET,System
TUBE BOX,TUBE BOX,System
STAND,STAND,System
PARSAL,00:00,System
5.20-14 TYRE,PARSAL,System
BAG,TYRE,System
Abc,,System
CAR TYRE,Abc,System
COLOUR BOX,TYRE,System
SHEGDI BOX,COLOUR,System
GONI,SHEGDI,System
OIL BOX,GONI,System
SPEAR PART LOSE,OIL,System
SPEAR PART,SPEAR PART,System
185/60 R15,,System
6.5016 TYRE,TYRE,System
PAPER BUNDAL,TYRE,System
10 FIT PATTI BUNDAL,,System
JODI PIPE,,System
195/70R15,PIPE,System
12.4-28 TYRE,,System
CABEL BUNDAL,TYRE,System
COLOUR DRUM,,System
RIM,COLOUR,System
PIPE ,,System
GONI BUNDAL,,System
CAN,,System
DRUM,,System
18.4-30 TYRE,,System
5.00-12 TYRE,TYRE,System
11.2-24 TYRE,TYRE,System
Oil Barral,TYRE,System
SPER,,System
BIG DRUM,,System
SMALL DRUM,`,System
MEDICINE BAG,,System
3-,MEDICINE,System
SHAFT,,System
CAR TYRE BUNDAL,,System
165/80R14 TYRE,,System
185/85R14,TYRE,System
235/65R17 TYRE,TYRE,System
ALUMINIUM SHEET,TYRE,System
145/70R13 TYRE,,System
SPEAR  BOX,TYRE,System
COLOUR TIN,,System
CABEL DRUM,TIN,System
MEDICINE BOX( MR),,System
PUMP PETI,MEDICINE,System
205/60R15 TYRE,PUMP PETI,System
3.00-17 TYRE,TYRE,System
COL,TYRE,System
PETI,,System
PLET,,System
RASSI BUNDAL,,System
CROWN PETI,,System
155/65 R12 TYRE,,System
185/65 R14 TYRE,TYRE,System
155/65 R13 TYRE,TYRE,System
PLYWOOD PETI,TYRE,System
BUCKET,,System
MEDICINE CAN,,System
BAG BUNA,,System
D FREEZ,,System
80/100-18 TYRE,,System
90/100-10 TYRE,TYRE,System
DT CEMENT 25 LT,TYRE,System
205/3250,,System
175/70 R13 TYRE,,System
185/85 R16 TYRE,TYRE,System
MEDICINE BUCKET,TYRE,System
OIL DRUM,,System
OLD CAR TYRE,,System
SPEAR BOX,,System
TOMMI BUNDAL,,System
8-18 TYRE,,System
TWO WHEELER TYRE,,System
GONI BOX,,System
205/60R16 TYRE,,System
90/90-12 TYRE,TYRE,System
2.75-17 TYRE,TYRE,System
100/80-17 TYRE,TYRE,System
STAND BUNDAL,TYRE,System
TADPADRI BUNDAL,,System
14.00-20,,System
ROLL,,System
110/80-17 TYRE,,System
155/65 R14 TYRE,TYRE,System
185/80 D14 TYRE,TYRE,System
FEVICOL BOX,TYRE,System
DARWA,,System
KITCHEN TROLLY,,System
100/90-18 TYRE,,System
215 R14,TYRE,System
195 R15,,System
165/80 D12 TYRE,,System
23/1-26 TYRE,,System
205/65 R16,,System
MOTAR,,System
195/60 R15,,System
FRAME,,System
AXEL,,System
BUNDAL,,System
CASTING PLATE,,System
GONI PUMP,,System
160LW-2520,,System
205-3250,,System
190-3150,,System
RIM BUNDAL,,System
185/65 R15 TYRE,,System
PATTI,,System
PATTI BUNADAL,,System
WIREROOP BUNDAL,,System
210-3250,,System
210-3240,,System
6.50-16 TYRE,,System
100/90-17 TYRE,TYRE,System
165 D14 TYRE,TYRE,System
2.50-16 TYRE,TYRE,System
3.50-19 TYRE,TYRE,System
90/90-17 TYRE,TYRE,System
155 D12 TYRE,TYRE,System
130/70-17 TYRE,TYRE,System
3.00-10 TYRE,TYRE,System
220-3250,TYRE,System
6.50-20 TYRE,,System
175/65 R14 TYRE,TYRE,System
170-3020,TYRE,System
215-125 20KG,,System
DRIP BUNDAL,,System
6.5/80-12 TYRE,,System
7,,System
295/ 80 R22.5 TYRE,,System
BAG BUNADAL,TYRE,System
DARWAJA,,System
LOOSE,,System
170-2520,,System
CK BOX,RUBER,System
170-2670,,System
155/80 R13,,System
230-3290,,System
120.80-17,RUBBER,System
140/70-17 TYRE,,System
9.5-24 TYRE,TYRE,System
DOOR,TYRE,System
MOTAR LOOSE,,System
110/90-18 TYRE,,System
140/60 R17 TYRE,,System
3.50-10 TYRE,TYRE,System
BAKET,TYRE,System
195/70R14,,System
215/65 R16 TYRE,,System
80/100-17 TYRE,TYRE,System
DT CUSHION 215-125,TYRE,System
3.25-19 TYRE,BOX,System
BAREL,TYRE,System
90/100-17 TYRE,,System
150/60 R17 TYRE,TYRE,System
220-3240,TYRE,System
165 D13 TYRE,RUBBER,System
215/60 R16 TYRE,TYRE,System
185/70 R14 TYRE,TYRE,System
180/85 D12 TYRE,TYRE,System
F.78-15 8PR TYRE,TYRE,System
145/80 R13 TYRE,TYRE,System
165/ R14 TYRE,TYRE,System
90/90-19 TYRE,TYRE,System
CARETE,TYRE,System
23.8-12 TYRE,,System
GHADI,,System
CHAIR BUNDAL,,System
SEED BAG,,System
185/70 R13 TYRE,,System
16,,System
KAPAD ROLL,,System
175/65 R15 TYRE,,System
TUBE ,,System
195/55 R16 TYRE,,System
155/80R12 TYRE,,System
GIFT BOX,,System
JOD BOX,,System
550-16 TYRE,,System
80/100-10 TYRE,,System
235/70 R16 TYRE,,System
155 R13 TYRE,,System
RETUN BOX,,System
215/80 D14 TYRE,,System
215/55 R17 TYRE,,System
185/65 R16 TYRE,,System
5.50-16 TYRE,,System
275/15 R15 TYRE,,System
235/55 R17 TYRE,,System
ROD,,System
168-2670,,System
235/75 R17 TYRE,,System
235/75 R15 TYRE,TYRE,System
120/80,,System
14.00-25 TYRE,,System
4.00-18 TYRE,TYRE,System
PLATE,,System
NOS,,System
185/85 R15,,System
135/70 R12,,System
155 R14,,System
165 D12 TYRE,,System
120/80-18 TYRE,,System
120/80-17 TYRE,,System
160-2510,,System
225/75 R17 TYRE,,System
265/65 R17 TYRE,,System
195/65 R16 TYRE,,System
MOTOR,,System
5  .25  -24 TYRE,,System
CHAIN KIT,TYRE,System
165/80 R15 TYRE,,System
205-3230,TYRE,System
16.9-30 TYRE,,System
6.50-10,,System
6.50-10 TYRE,,System
7.00-12 TYRE,,System
PUMP MOTOR 15 HP,,System
SEAT COVER GATH,,System
SEAT CAR,,System
SPA,,System
PLANT,,System
LOKHANDI PART,,System
BOX(PATRA),,System
BUMPER,,System
SPARE PART,,System
PUMP MOTOR,,System
5.00-15 TYRE,,System
TANK,TYRE,System
CHACI,,System
BANDAL,,System
8.00-16 TYRE,,System
190/3250,,System
PATRA,,System
220/3250,,System
CORGO,,System
FREEJ,,System
PUC GONI,,System
PUC BOX,,System
BELT BUNDAL,,System
MACHIN,,System
PLANT RAK,,System
MCH,,System
BOX BANDAL,,System
BAMPAR,,System
ROD BUNDAL,,System
D-FREEJ,,System
AUTOPART,,System
AC,,System
WHEEL,,System
FAAN,,System
CABLE BAG,,System
MEDI ,,System
10-16.50 TYRE,,System
155/80 D13,,System
PVC BOX,,System
ELECTRICAL GOODS,,System
PVC BAG,,System
LOSE MOTAR,,System
ENGINE BOX,,System
12.0/75-18 TYRE,,System
COOLER BOX,,System
PAPER BAG,,System
WARNES BAG,,System
OIL DAG,,System
BIG BATTERY,,System
SMALL BATTERY,,System
13.00-24 TYRE,,System
PATTA GONI,,System
BUSH GONI,,System
VARNISH BOX,,System
SLEEVE GONI,,System
195/60R16,,System
BKT,,System
DRAM,,System
ALUMINIUM SHEET BUNDAL,,System
BAR ,,System
AC BOX,,System
BLADE BOX,,System
LOSE PART,,System
LOOSE MOTOR,,System
CHILLER BOX,,System
CYCLE BAG,,System
WASHING MACHINE,,System
LED BOX,,System
BAR BUNDAL,,System
BEARING GONI,,System
LOSE ROLL,,System
12.5/80-18 TYRE,,System
JAR LOSE,,System
GREES BOX,,System
BEARING BOX,,System
HUB,,System
TUBE GONI,,System
CARBO,,System
BODY PART,,System
SPARE ROLL,,System
90/90-10 TYRE,,System
WALL  ,,System
JODA BUCKET,,System
175/80 D14 TYRE,,System
Med,,System
165/70R13 TYRE,,System
SANMIKE PISCES,,System
PIPE BUNDAL GONI,,System
JUMBO,,System
POP BOX,,System
CHIAR BOX,,System
SPARE,,System
CHAPPAL BAG,,System
5.25-14 TYRE,,System
MACHINE,,System
12.00/20 FM TYRE,,System
POCKET,,System
4.00-8 760 TYRE,,System
165/70 R14 TYRE,,System
JALI,,System
205/75 R15 TYRE,,System
ROTTOR,,System
MOTOR PUMP,,System
CARDON,,System
5-12 TYRE,,System
5.00-16,,System
AXLE,,System
GENRATOR BOX,,System
LOKHANDI PLATE,,System
175-2950 TYRE,,System
PART,,System
GADI BANDLE,,System
JALI BUNDAL,,System
LOSE BUNDAL,,System
PARCEL,,System
SPARE GONI,,System
PUMP ,,System
SPARE BOX,,System
SHAFT BOX,,System
PEPAR BANDLE,,System
110/70-17 TYRE,,System
14.00-24 TYRE,,System
205/55R16,,System
SPEAR SAMLL,,System
COIL,,System
Oil ,,System
WACHINE MACHINE,,System
BO,,System
TWO.,,System
Keball  Bandal,,System
Fun,,System
CEMENT,,System
THIBAK BAG,,System
OIL BUCKET3,,System
STAND BOX,,System
CAND,,System
MASHIN BOX,,System
447,,System
23/8.5,,System
MANGO BOX,,System
185R14 TYRE,,System
1T,,System
900.16,,System
SP.,,System
BAR BANDIE,,System
1000R20,,System
10.00 R 20,,System
600/16,,System
23.1-26 TYRE,,System
PLASTIC BAG,,System
KEBAL DRUM,,System
PUMP MOTAR 0.5 HP,,System
Salin Stand,,System
LOKHANDI DRUM,,System
SOLAR,,System
295/80R22.5,,System
210-2470,,System
S S TANK,,System
PATA BANDAL,,System
160-2520,,System
BGA,,System
HOSE PIPE,,System
LOKHANDI BAR,,System
7.00-15,,System
900/20,,System
295/90R20,,System
"BOX,BAG",,System
WIRE BUNDAL,,System
ROL,,System
C.,,System
LOSE,,System
PEPER ROLL,,System
TROLLY,,System
BED,,System
JACK BOX,,System
LOOSE PUMP,,System
UPC PIPE,,System
LOKHANDI PATTI,,System
80/1000,,System
8..25,,System
COOLANT BOX,,System
PUMP MOTOR 12.5 HP,,System
PUMP MOTOR 10HP,,System
FILTER,,System
TRAVEL BAG,,System
PEPAR BOX,,System
7.00-15 TUBE,,System
DIESEL TANK,,System
LOKHANDI BAR BUNDAL,,System
BUCKET BUNDAL,,System
TV BOX,,System
WHITE BOX,,System
225/50R18 TYRE,,System
PACKET,,System
HOOK LOOSE,,System
GUM BOX,,System
SPARE PART BUNDAL,,System
BOX`,,System
12.4-24 TYRE,,System
TIN,,System
OVEN BOX,,System
KAPAD BAG,,System
ELECTRICAL GONI,,System
CAPD GAT,,System
Pepsirol,,System
HAIAR FREEZ,,System
BOIX,,System
MACHINE BOX,,System
W MACHINE,,System
235/60R18,,System
LOKHANDI PART BUNDAL,,System
CHAIR ,,System
TF,,System
Medicine Creat,,System
SANPAL BOX,,System
PUMP GONI,,System
TUBE PAKET,,System
CROWN  PEPAR ROLL,,System
12.00-24,,System
CB 10.00-20,,System
CYLINDER,,System
225/60/R17,,System
MOTOR CYCLE,,System
PLTOOD PIS,,System
TUBE 145/70R12,,System
14.9-24 TYRE,,System
90/90-18 TYRE,,System
50DRUM,,System
PATTI BOX,,System
6.00-12 TYRE,,System
CHATTRI BUNDAL,,System
200/2400,,System
215/60 R17,,System
B AG,,System
130/90-15,,System
120/80-16,,System
7.50R16,,System
TYRES,,System
SCOOTY,,System
PATRA BUMPER,,System
GATE BOX,,System
8-16 TYRE,,System
PIPE BUNDAL`,,System
WATER COOLER,,System
CARGO,,System
DAG,,System
SHEET,,System
C/R,,System
AXLE BANDAL,,System
BUNDAL(BODY),,System
11.2-20,,System
SIDE BODY,,System
ROOT PANEL,,System
TUBE 165/65 R13,,System
ROLL BUNDAL,,System
TUBE10.00-20,,System
BAG BOX,,System
HUD,,System
PUMP LUJ,,System
BOARD,,System
SHEET BUNDAL,,System
CHAIN KIT BOX,,System
MEDICINE BOX1,,System
CAR DARWAJA,,System
295/18R55,,System
STOL BOX,,System
STOL BUNDAL,,System
145R,,System
DOOR PIS,,System
SHOFT BUNDAL,,System
8.3-12 TYRE,,System
CRET PUMP,,System
NOS PETI,,System
SILENDER,,System
PEPAR SHEET,,System
BOS,,System
OPENWELL,,System
UPS BOX,,System
BOX1,,System
BARRAL,,System
MIDIUM BOX,,System
RAC BOX,,System
CHATRI,,System
PIPE ROLL,,System
TUBE 8.25-16,,System
CABEL GONI,,System
B OX,,System
MOTOR CYCLE HERO,,System
215/70 R16,,System
SLOT,,System
185/55R16 TYRE,,System
SMALL BAG,,System
10.16.5 TYRE,,System
5,,System
RING,,System
GIFT ,,System
PUMP MOTAR 1 HP,,System
KAPAD BAG2,,System
RATAR FRAM,,System
70/100-17 TYRE,,System
RING BUNDAL,,System
LOSE BOX,,System
420/85R28,,System
PI PE BAND LE,,System
175/60-15 TYRE,,System
520-14 TYRE,,System
PATA (LOOSE),,System
195/65 R15 TYRE,,System
205/50 R17 TYRE,,System
RO BOX,,System
CYCLE BOX,,System
FOLDER,,System
WASH BESIN,,System
GIRNI BOX,,System
ATTA CHAKI,,System
PATTI BUNDAL,,System
BATH TUB,,System
10-16.5 TYRE,,System
SEAT BUNDAL,,System
CONTENER BOX,,System
WOOD,,System
STD PANEL STAND,,System
SMALL RING,,System
DRYOR,,System
900.-16,,System
136,,System
PILO,,System
185,,System
TYRE ,,System
VAJAN KATA,,System
8.3-20 TYRE,,System
FREEJ FKG320,,System
FREEJ FKG120,,System
175*70  TYRE,,System
SAMPLE BAG,,System
PVC ROLLS,,System
ALUMINIUM BUNDAL,,System
PATARWALI BUNDAL,,System
SHUTTER PATTI,,System
NATBOLT,,System
KITCHEN BASKET,,System
185/80 R14 TYRE,,System
PATRA BUNDAL,,System
DRYING MACHINE,,System
PLASTIC BUNDAL,,System
TUBE A,,System
295/95 D20 TYRE,,System
HANDLE,,System
BIKE MH 12PG1764,,System
GREES PETI,,System
BRACKET,,System
CARAGE,,System
NAG,,System
LOKHANDI BLOCK,,System
Skid,,System
10.5/65-16 TYRE,,System
JCB BUKKET,,System
340/85 R28 TYRE,,System
14,,System
CARTOON,,System
PUMP ROLL AND PETI,,System
SMALL PETI,,System
MOTAR GADI,,System
CHIAR ,,System
PET,,System
ROD GONI,,System
STYLE BOX,,System
PUMP MOTAR 2 HP,,System
WIRE ROPE,,System
PVC BO,,System
BUK,,System
RING BRACKET,,System
TAKI,,System
6.0016,,System
GIFT BUNDAL,,System
SAND FILTER,,System
SAND BAG,,System
JAW PLATE,,System
M CYCE TYRE,,System
BHANDI,,System
90/100-18 TYRE,,System
9,,System
MOTOR PETI,,System
MOTOR BOX,,System
120/70-12 TYRE,,System
SMALL BUCKET,,System
LOKHANDI HOUSING,,System
TUF,,System
195 D15,,System
DAVAJA,,System
MH45Q6446 TWO WHEELER,,System
PUMP MOTAR 25 HP,,System
MICRON BOX,,System
90/90-21 TYRE,,System
STOOL,,System
POSTER,,System
KAND,,System
PIANT,,System
4,,System
PUMP MOTAR 12.5HP,,System
PUMP MOTAR 10 HP,,System
17.5-25 TYRE,,System
LOKHANDI WALL,,System
BOTTAL,,System
PATTA BUNDAL,,System
20 LT BUCCET,,System
7.5 LT BUCCET,,System
INVELOPE (PACKET),,System
BOILER,,System
HUK,,System
BUNDAL BOX,,System
SAMPLE BOX,,System
SANMIKE PETI,,System
20 LT DRUM,,System
JAR GONI,,System
COOL JAR GONI,,System
BUSH PUM,,System
REEL ,,System
COLOUR.,,System
10.00-20 TYRE8,,System
KAGAD.,,System
BANDAL`,,System
`,,System
1,,System
50 LIT,,System
BOX2,,System
BAB,,System
2,,System
50 LT ,,System
PLY,,System
WOODEN PATTI,,System
BHANDI BOX,,System
1 PIPE BUNDLE,,System
NEW PUMP ROLL,,System
1 BOX,,System
GADI ROLL,,System
BOXES,,System
BOXES`,,System
3,,System
BHANDI BUNDAL,,System
.DRUM,,System
BOXEDS,,System
BUNDLE,,System
MACHIN BOX,,System
FIX LOAD,,System
BUNDEL,,System
155/70R14TYRE,,System
REFRIGARATOR,,System
Water Purifier,,System
PIPE BUNDL,,System
PIEP BUNDLE,,System
380/85R28,,System
COPPER BOXES,,System
DUKATI BAG,,System
TRIP BUNDLE,,System
Box Es,,System
SLEEVE BAG,,System
CABLE BUNDLE,,System
BEARING BAG,,System
DUCATI BAG,,System
CYCLE,,System
120/70-14 TYRE,,System
XEROX PAPER BUNDLE,,System
LED TV,,System
SUTALI BUNDAL,,System
4 BOXES,,System
FREEZER,,System
PATA BUNDLE,,System
3 BOXES,,System
DOUBLE BOX NUNDLE,,System
DRILL ROD,,System
DRILL RAWD,,System
AC SET,,System
VAGES BAG,,System
INVERTER,,System
AC BOXES,,System
PAPER BUNDLE,,System
AC STAND,,System
FAN BOXES,,System
BUNDAL TOOLS,,System
BUCKETS,,System
PAPER BUNDEL,,System
PAPER ,,System
FLAP,,System
GHAR SAMAN,,System
JOD JALI BUNDAL,,System
BAR BUNDLE,,System
TRAY EGGS,,System
BUSH BOX,,System
VEGES BAG,,System
BOOK,,System
BOXS,,System
DIX,,System
TYLES,,System
CATLY,,System
RAWD BUNDLE,,System
PAPER GONI ,,System
GONI BAG,,System
GREESE BOX,,System
BUCKET `,,System
D FREEZE,,System
TYLES BOXES,,System
SALAIN BOX,,System
8.15-15 TYRE,,System
BIG PATTA,,System
CYLENDER,,System
MARBEL,,System
RUBBER BUNDLE,,System
PIPE BUNDLE,,System
PALANA,,System
GADI BOX,,System
ROLL  BUNDLE,,System
AXEL GONI,,System
ALUMINIUM BRACKET,,System
ROLL BUNDEL,,System
TYRE  BUNDLE,,System
BARREL,,System
RINGF BUNDLE,,System
BARREL1,,System
BAR BUNDEL,,System
PVC GONI,,System
TRO\,,System
B0XES,,System
RUBBER BUNDEL,,System
TWO WHEELER BIKE,,System
BARA,,System
PAPER SHEET,,System
PVC BOXES,,System
BOX BUNDLE,,System
JALI BUNDLE,,System
AC BLADE BOX ,,System
PATTI BUNDEL,,System
SUNMIKA ROLL,,System
245/75 R16 TYRE,,System
VARNISH PETI,,System
VARNISH BOXES,,System
MH11BP9627 SPLENDER,,System
ACTIVA  SCOOTY,,System
ELECTRICALS  GOODS,,System
ELECTRICALS GOODS,,System
RING BUNDLE,,System
SMALL BOXES+BOOK,,System
PATA BUNDEL,,System
JAR,,System
TUE BAG,,System
POP BAG,,System
RING BUDLE,,System
IRON PLATE,,System
SLIDE,,System
CABLE BUNDEL,,System
CHAMBER COVER,,System
RUBBER ROLL,,System
MOTORS BOXES,,System
ELELCTRICALS GOODS,,System
185/85 R16 TYRE`,,System
TYRE BUNDEL,,System
BAUN,,System
7.00-14,,System
CHASSI,,System
STEEL ROLL,,System
BUBBLE ROLL,,System
11 R22.5R15,,System
FIBER PUMP FLOATERS,,System
LONG BAG BUNDEL,,System
INVERTER BOXES,,System
TROLLEY,,System
PATA,,System
DRUM AND BUCKET,,System
VEHICLE BUMPER,,System
TYRE BUNDLE,,System
20,,System
6.14 TYRES,,System
BIG BAG,,System
SOLAR BOX,,System
       BOX               BOX,,System
DRUM 50 L,,System
COPPER BAG,,System
GRASS ROLL,,System
PIPE JODI,,System
10.00-20 TYRE2,,System
OMEGA BOX,,System
PLY ROLL,,System
165/80 R13,,System
BVOXES,,System
TOILET SHEET,,System
PATTI BUNDLE,,System
TYLES BIG,,System
SMALL TYLES,,System
BOX6,,System
PLASTI PIPE,,System
PANNEL,,System
CHASI,,System
S0QA01,,System
PAPER BOXES,,System
BAG BUNDEL,,System
COPPER GONI,,System
GALLI,,System
AXEL BAR,,System
LONG BOX,,System
PACKING BAG,,System
POSTER Box,,System
COOCKER HOOD,,System
AATA CHAKKI BOXES,,System
GONI AND BUNDEL,,System
LAKDI PLY,,System
WOODEN CR,,System
PUMP.MOTAR,,System
BAG BUNDLE,,System
PUMP MOTAR LUJ,,System
PUMP MOTAR 15 HP,,System
SMALL ROLL,,System
BUCEKT,,System
BOXES1,,System
ROLL / BAG,,System
SMALL HOSE PIPE,,System
LOSE PLATE,,System
BOROSIL BOX,,System
BOOKS,,System
KARTOON,,System
MASK POCKET,,System
BX,,System
BUNDAL BAG,,System
PVC BAG1,,System
PIPE BUNDEL AND BAG,,System
RING BUNDAL AND BAG,,System
COPPER BOX SMALL,,System
BAG / BOX,,System
TIL,,System
PVCX BOXES,,System
6-12 TYRE,,System
TEEN BOX,,System
WINDO,,System
PATRAVALI BUNDEL,,System
MOTOR BOXES,,System
TAVA,,System
DAMRU,,System
SMALL PLASTIC BAG,,System
REPLACEMENT MOTOR,,System
BAGF,,System
PUMP BOXES,,System
PUMP MOTAR.,,System
BEARING PACKET,,System
FRAUD LR,,System
PLYWOOD.,,System
ENVOLOPE,,System
GREASE BOX,,System
PVC BAG8,,System
PAPAER ROLE,,System
LOKHANDI PATI,,System
CHILLER,,System
KIT BOX,,System
Tractor Tyre,,System
BACKET,,System
STAND PATTI,,System
PUMP ROO,,System
9.00.16,,System
145/R13 TYRE,,System
10.0/75-15.,,System
PAPER ROLE,,System
SAILANCER,,System
BATTERY.,,System
BUCKET AND BOXES,,System
CK,,System
VARN ISH BOX,,System
TUBE GONI HAF,,System
PIPE BUNDAL1,,System
ROLL AND BOX,,System
PPE KIT BOX,,System
PUMP LUJ ROLL,,System
REF,,System
REPALC,,System
BOPXES,,System
15.9-28 TYRE,,System
ROLL AND DRUM,,System
BUCKET AND BAG,,System
RIM BUNDEL AND BAG,,System
RIM BUNDAL AND BAG,,System
7.00-15 TYRE,,System
BOXES AND BOOK,,System
1100*20 TYRE,,System
COOLING TOWR,,System
BASIN,,System
57,,System
BIX,,System
WASHING MACHINE AND GIFT BOX,,System
BAG BANDLE,,System
3.50-08 TYRE,,System
MH12EV6759 TWO WHEELLER,,System
155/80R13,,System
11.5/80-15.3 TYRE,,System
PUMP PETI 30 HP,,System
ENGINE BOX              BOX,,System
9.5-18 TYRE,,System
BUX,,System
7.5,,System
16.9-28 TYRE2,,System
LG 49 LU TV,,System
8.25-20 TYRE8,,System
SOFA,,System
20FT PIPE,,System
DRUN,,System
KG,,System
INDICATOR BOX,,System
23.5-25 TYRE,,System
PUMP LUJ MOTAR,,System
PIPE GONI,,System
Zula,,System
Ghodi,,System
Chikky,,System
Ca,,System
PUMP MOTOR 20 HP,,System
PUMP RO,,System
Gare Box,,System
Nox,,System
Dairy,,System
185 D14 TYRE,,System
FIBER Bandal,,System
Walker,,System
TYRE 825*16,,System
Banner,,System
WALL BOX,,System
Hanger Rod,,System
Ply 18mm,,System
66,,System
F,,System
WELDING ROD BOX,,System
Sdf,,System
SUITCASE,,System
VAYRUP,,System
BAT,,System
PATTi BANDAL,,System
CATLari,,System
FEVICOL BAKET,,System
PALET,,System
HOOD ,,System
Gare Part,,System
GARDEN PIPE,,System
150/60 ZR17,,System
4.00-8 TYRE,,System
MOBILE BOX,,System
Table,,System
RAC ,,System
Angle Bundle,,System
Mirror,,System
LOKANDI SPARE,,System
C,,System
23.8.5-12 TYRE,,System
LOSE TIN,,System
10 FIT PIPE BUNDAL,,System
COLLER BOX,,System
MACHIN PETI,,System
RAK,,System
1000R20 TYRE,,System
WAGES GONI,,System
GRESS BOX,,System
SAPARE PART,,System
155/80 D12,,System
Sensor Pocket,,System
KIT,,System
MOTAR PUMP,,System
50 LIT DRUM,,System
BOXQ,,System
12.00-24 TYRE,,System
GIFT PARSAL,,System
Kitchen Door,,System
Motar Peti,,System
175/70R12,,System
PVC BOXE,,System
AC BLADE,,System
FLEX,,System
9/5/24TYRES,,System
JCB TOOTH,,System
SMALL PIPE BUNDAL,,System
LOKHANDI JALI,,System
FREEJ`,,System
Jalli,,System
165R14,,System
185 R14,,System
SILENCER,,System
BIG PIPE,,System
HONDA BOX,,System
FARSAN,,System
ROTTOR PART,,System
6-14 6PR FX,,System
165/D14,,System
CRATE,,System
SPROLKET,,System
16.0/70-20 TYRE,,System
155/R 13,,System
Pail,,System
Poils,,System
235/60 R 18,,System
B/C,,System
FARSHI,,System
Pails,,System
PUSTAK,,System
GAS,,System
PEPAR BAG,,System
PEPAR ROLL,,System
Mayani Dag,,System
CHEARS,,System
JOTTA BOX,,System
TUBE PARCEL,,System
BG B,,System
6.00-12TYRE,,System
8.3-24 TYRE,,System
MO BOX,,System
8.3.20,,System
11.2-28 TYRE,,System
13.6.28,,System
BOX/bkt,,System
BIG PUMP ROLL,,System
GEAR,,System
RIM BANDLE,,System
12.00-20 TYRE,,System
HAND BROOM,,System
ATTA CHAKI BOX,,System
LUJ DAG,,System
PAIRI,,System
GATH,,System
TUBE PACKET,,System
MITAR BOX,,System
12.4.24,,System
MOTAR Box,,System
DISH WASHER MACHINE,,System
FOOD BAG,,System
BOX5,,System
PUMP MOTOR 25HP,,System
CATTEL,,System
PATRA Roll,,System
Banner PARSAL,,System
225/65R17,,System
FILTER Box,,System
BENCH,,System
BANER,,System
7.5 Liter Bkt,,System
12.5-20 12PR,,System
26 Lit Bucket,,System
10 Lit Bucket,,System
T.T PIN,,System
Buckt,,System
5.00-19,,System
165D,,System
PLYWOOD PATTI,,System
20 LTR BUCKET,,System
SHIGDI,,System
TUBA BA,,System
PATRAvali BUNDAL,,System
Vaccine Box,,System
Tub Bag,,System
Aatta Machine,,System
Tyree,,System
Umbrela,,System
COUNTER,,System
TABEL,,System
Pvc Goods,,System
Shilaie Machine,,System
Belt Bag,,System
255/75 R16 TYRE,,System
Hitter Bar,,System
BIG PETI,,System
CLOTHES BAG,,System
Round Pipe Bundal,,System
Pipe Bag,,System
TUBE BA,,System
MIXER,,System
Pipe Bag Bundle,,System
Liping Patti,,System
LAKDI PETI,,System
BIG BUNDAL,,System
Glass Roll,,System
Dozer Pump,,System
HOOK BAG,,System
Chair Box,,System
Lokhandi Jalli,,System
Genrator Peti,,System
DOOR FRAME,,System
245/70 R16,,System
JCB 900 *16,,System
6.12,,System
6.14,,System
MACHIN1,,System
BOX BATTERY,,System
TANK SOLAR,,System
RING BAN,,System
SMALL BUNDEL,,System
BOX BAG,,System
PLY 12 MM,,System
PUMP MOTOR 3 HP,,System
BG,,System
JCB BUKKE TyreT,,System
OIL BACKET,,System
STEPLER BOX,,System
Small Barral,,System
Buket,,System
LG TV,,System
Boc,,System
CARETE PUMP,,System
BAG OF FAWADA,,System
BUN,,System
PUMP MOTOR 7.5 HP,,System
HP Box,,System
Bori,,System
90/00,,System
COLOUR DAG,,System
COPPER PATTI,,System
LUJ SPARE,,System
SEAT,,System
LOOSE PATRA,,System
DABE,,System
LOOSE PART,,System
Umbrela BUNDAL,,System
SCOOTER,,System
265/65 R18 TYRE,,System
500-12 TYRE,,System
25 Liter Drum,,System
Chappal Stand,,System
CHAUKAT,,System
Solar Panel,,System
TYRE4,,System
TUBE BAG`,,System
BAG`,,System
COOUR BAG,,System
Advertisment Felx Bundal,,System
MOHAL,,System
GIRAN,,System
BDL,,System
DOOR GRILL,,System
1BAG5BOX,,System
H/W BAG,,System
ADAPTER,,System
BOX SHEET,,System
POP ,,System
AXCEL,,System
55 LIT DRUM,,System
LOKANDI DRUM,,System
BAG1,,System
TUBE 16.9/28,,System
TUBE 12.00-24,,System
Jupiter Scooty,,System
Drum 30 Liter,,System
BOLT,,System
WALL BOARD,,System
KAPADGATH,,System
KAPA GATH,,System
.,,System
LOKHANDI PALATE,,System
LOKHANDI GATTU,,System
900.16 Tyre,,System
195/55 R15 TYRE,,System
GATTI,,System
Ramp,,System
Hand Pump ( Bag ),,System
ASMELI,,System
BANDALE,,System
DISK,,System
KADA BANDLE,,System
BO0X,,System
T Lokhandi Pipe,,System
BOX4,,System
205-17 TYRE,,System
205/60R18 TYRE,,System
165/80 Car Tyre,,System
185/85 D12,,System
KAPAD BOX,,System
BLANKET,,System
Motar Pump Box,,System
POSTER BUNDAL,,System
Oill Box,,System
AR TY,,System
235/55 R19 TYRE,,System
215/75R17,,System
MEDICINEUCKET8,,System
AC KIT,,System
BOX/GONI,,System
Jcb Addaptor ,,System
Break Drum,,System
916 Tyre,,System
35 Liter Drum,,System
Motar Bag,,System
NITROGEN CYLINDER,,System
825 .20 TYRE,,System
TUBE BagI,,System
CEMBER,,System
ALUMINIUM Pipe BUNDAL,,System
275/45 R 20,,System
Kada,,System
CHMBER PLATE,,System
BUNAL,,System
OLOUR BAG,,System
BORA,,System
BOX3,,System
BAG+ BOX,,System
900/20 Tyre,,System
WAR RACK,,System
31X10.50,,System
GADHI BUNDAL,,System
120/90-17 TYRE,,System
8.00-19 TYRE,,System
FOLDING TABLE,,System
OFFICE TABLE,,System
JOD BUMPER,,System
LOSE MOTOR,,System
SMALL CAN,,System
BENCH/BOX,,System
GIFT PACKET,,System
LOKHANDI DARVAJA,,System
PARE,,System
OIL BOX/,,System
Box/bandle,,System
Cand/box,,System
HOSE PIPE Bundal,,System
CARBOY,,System
BAG OF FLANGES,,System
KHAKI BOX,,System
5 Liter Bucket,,System
GRILL,,System
BIKE,,System
POKLAND DATH,,System
6 LIT BUCKET,,System
WOODEN PETI,,System
Tea Bag,,System
KAPAD GAH,,System
1HP MOTER,,System
2HP MOTER,,System
SCUTER CAP,,System
TADPADRI ROLL,,System
BUG,,System
VAYFER,,System
BAG              BOX,,System
50 KG BAG,,System
25 KG BAG,,System
PATA BUNDAL,,System
BERING GONI,,System
DOAR,,System
OIL BARREL,,System
BUCK,,System
FREZZ,,System
VALVE,,System
18-625 16 TYRE,,System
BED BOX,,System
DAIRY BOX,,System
CANS,,System
145R12,,System
PETI/BOX,,System
ROLL BUNDLE,,System
BEARING.,,System
155D12,,System
PVC DOOR,,System
185/D14,,System
RABAL BANDLE,,System
HONDA GENARATOR,,System
SMALL BUNDAL,,System
PLYWOOD.DARWAJA,,System
OILBOX,,System
DRUMS,,System
FREEZ,,System
MEDDDD,,System
BAG BUNNADAL,,System
PAPPER BUNDAL,,System
9.00.16tube Flap,,System
RUBBER BANDAL,,System
GLASS BANDLE,,System
MUCHINE PETI,,System
PATI BUNDAL,,System
BUNDDAL,,System
W M PART BOX,,System
GRISS BARREL,,System
SMALL PART,,System
LAMINATE ROLL,,System
LUJ PUMP,,System
RIG BUNDAL,,System
BOX BUNDAL,,System
PLYWOOD ROLL,,System
400.8,,System
MOTER PUMP,,System
ACE BOX,,System
PIPE ROLL BOX,,System
MH12EU5446 MOTAR CYCLE,,System
FAN,,System
Sugar Machine,,System
JCB TYRE,,System
PACKING BOX,,System
CARTYRE,,System
CELEDER,,System
30HP PUMP ROLL,,System
Plyy,,System
PARSEL,,System
Pump Bundale,,System
Gum,,System
BRUM,,System
CYCLE BUNDAL,,System
FAN BAG,,System
Cable Bundal,,System
PLY2/BOX3/BDL2,,System
9.00.16tube ,,System
CAER,,System
215/3250,,System
GIRAN Box,,System
KAPA GATH PETI,,System
SUNMIKE ROLL,,System
CNG CYLENDER,,System
CRUSHER DRUM,,System
TUBE 10.00-20,,System
JAR BUNDAL,,System
GREASE BAG,,System
BERING BOX,,System
160X60R17,,System
120/70R17,,System
PLY25MM,,System
PLY8MM,,System
SPRING,,System
B0X,,System
265/60R18 TYRE,,System
ALLUMINIUM SHIT&amp;COIL,,System
240/3300,,System
230-3300,,System
Steel Bundal,,System
BYCKET ,,System
PANNEL BOX,,System
BOX AND BUCKET,,System
ROOL,,System
RUSSI BAG,,System
SHAPT BUNDAL,,System
BATTERY BOARD,,System
BCKET,,System
145/80 R12 TYRE,,System
PATRAWALI BUNDAL,,System
CEMENT DRUM,,System
195R15,,System
PVC MOULDING BANDAL,,System
255/55R18,,System
HOOD BAG,,System
CHILLER MACHINE,,System
DEHATI BAG,,System
SILVER GONI,,System
CATELARI BUNDAL,,System
TYRE 416,,System
CONVILL BELT,,System
TADPATRI ROLL,,System
155/65R14,,System
DISH,,System
11.2.24,,System
RACK,,System
RUSSI BUNDAL,,System
HEGAR,,System
SAYKAI,,System
14-9-28 TYRE,,System
215/55 R18 TYRE,,System
PATRA PEIT,,System
LOSE PATTI,,System
PAT,,System
AC COIL BOX,,System
CYLENDER PIPE,,System
CUSHION BUNDAL,,System
PVP  PATTI BOX,,System
B,,System
COIL BOX,,System
WEIGHT,,System
FLANGES,,System
AURO PLANT,,System
PAN SHIT,,System
LOKHANDI PL,,System
S H P PUMP,,System
GADI ,,System
TEBLE,,System
DABBA,,System
205MW-3250,,System
LOKANDI PART BUNDA,,System
20-05-2025,,System
HP PUMP,,System
SHP,,System
225/75 R17.5 TYRE,,System
BAT BUNDAL,,System
SAMPL,,System
TANDUL POTE,,System
JCB BUCKET,,System
195/R 15,,System
155/D 12,,System
185/ R 14,,System
H FRAME,,System
KAICHEE,,System
Y ROOP BUNDAL,,System
COTTON TYPE GONI,,System
SIT CAVAR BAUNDAL,,System
165 R 14,,System
CHIAR BANDAL,,System
SERA 230-3300,,System
445/95R25,,System
484,,System
MASHIN.,,System
FARME,,System
LOKANDI PLET,,System
PCR,,System
TRUCK TYRE,,System
TRR,,System
LCV,,System
T-SHIRT,,System
REGJIN BUNDAL,,System
STAIL BOX,,System
TOOLS,,System
CABIN,,System
KPAD BAG,,System
COIL BUNDL,,System
18/8.50-8,,System
BUMB,,System
JODA BOX,,System
LUJ PART,,System
CHOWKAT,,System
LOKANDI PATTI,,System
JOD BOX BUNDAL,,System
GULLI,,System
PLANT STAND,,System
THOTH POINT,,System
EMPTY BARAL,,System
AXCEL BUNDAL,,System
P0P,,System
COLOUR BUNDLE,,System
53\,,System
LOCK PATTI,,System
LOKHAND PLET,,System
LOKHAND PATTI,,System
BOG,,System
Bo X,,System
COLOUR DRUM5,,System
31-10.50R 15 TYRE,,System
Tayar,,System
185 R142,,System
JCB BREAKER PART,,System
Box              BOX,,System
GADI BUNDAL,,System
235/45 R18 TYRE,,System
NATBOLT BAG,,System
Wagholi,,System
Patrali Bunddal,,System
SANMAIKA  PLY,,System
TYAR,,System
PLY ROOL,,System
Bord,,System
CLAS PATI,,System
MAICRON BOX,,System
COAT BOX,,System
WAYRU BUNDDAL,,System
PTRALI BUNDAL,,System
PIN,,System
LOKHANDI PATTI BUNDDAL,,System
BAG BUNDDAL,,System
KAPDA BAG,,System
BAG NUTBOLLT,,System
CYLENDER TANK,,System
BPX,,System
PEPER BUNDAL,,System
MOTER BOX,,System
Ms Box,,System
LOKANDI RIG ,,System
CAD,,System
ABRO BOX,,System
BATTRY BOX,,System
JCB PARTS,,System
AXLE END,,System
HANDNER,,System
SANMYKA ROLL,,System
PUMP CARETE,,System
ROUND PLATE,,System
DISC BOX,,System
185/70R15,,System
CADE,,System
BERING BAG,,System
100/80-12 TYRE,,System
110/80-12 TYRE,,System
CLAS PLET,,System
Helmet Box,,System
BLANKET BUNDDEL,,System
WELDING MACHIN,,System
COPEER BOX,,System
GARDEN PIPE BUNDAL,,System
225/50R17TYAR,,System
Drum 55 Lit,,System
190/105,,System
Drum 200lit,,System
Lokhandi Chabi,,System
SANMAIKA ROLL,,System
100/90-19 TYRE,,System
BIG DRIP BUNDAL,,System
PLY BUNDAL,,System
.Car Tyar,,System
PATRE,,System
PATI ,,System
PANKE,,System
XEROX MACHIN,,System
STIL PIPE BUNDAL,,System
..CAR TYAR,,System
",CAR TAYAR",,System
Pata Bunddal,,System
15-625,,System
Paper Rool,,System
PCA,,System
700R15 TYAR,,System
COPPER BLD,,System
WATER TANK,,System
169R28TYAR,,System
50lit Drum,,System
PAPAER BUNDAL,C,System
RABAL BOX,,System
405/70-20,,System
SMALL TRACTAR,,System
Sanmayka Rool,,System
CHAKKI MACHIN,,System
Cable,,System
TYAR BUNDAL,,System
55 TV,,System
Kapat,,System
Loose Pin,,System
CHAFF CUTTTER,,System
GIRNI SUP,,System
445/65-22.5,,System
Lokhandi Patii,,System
Calender,,System
CARPET ROLL,,System
COMPRESSOR,,System
...Car Tyar,,System
Papeer Bundal,,System
DARAM,,System
Tayar Bundal,,System
Flex Bord,,System
18m Ply,,System
Pop Bundal,,System
750/16tyar,,System
5 Lit Drum,,System
Freez Patra,,System
RUBBER MAT,,System
15hp Pump,Ca,System
Pvc Patti,,System
LOSE PACKING,,System
HOSE BANDAL,,System
CREAT,,System
APO,,System
TWO WHEELER GADEE,,System
1 Lit Drum,,System
4.00-10 TYRE,,System
Lose Pump,,System
Sanmayka Roll,,System
KEBAL BANDAL,,System
ROD BUNDA,,System
225/75R16,,System
C D,,System
41lit Dabba,,System
35LIT CAN,,System
TAYR,,System
PANEL BOX,,System
Rod Box,,System
SPEKER BOX,,System
SPEKAR BOX,,System
255/65 R18,,System
Invorter Box,,System
",Car Tyar",,System
700-14,,System
PLY SHEET,,System
RADIATOR,,System
10fit Pipe Bundal,,System
RUBBER BAG,,System
CHIKAT TEP,,System
Wair Bunddal,,System
TYARE,,System
GRIL BUNDAL,,System
Car Tyar.,,System
FLEX BOX,,System
T.SHIRT,,System
LOOS BOX,,System
Hydrolic Jack,,System
245/45tyar,,System
GARO,,System
Loose Battery,,System
20hp Pump,,System
10hp Pump,,System
B Box,,System
GLASS,,System
Baring Box,,System
CARD BOX,,System
GREES BUCKET,,System
METAL PANEL,,System
LOSE PART BUNDAL,,System
Papaer Box,,System
ROLLER,,System
SANMAYAKA BUNDEL,,System
BILL BOOK,,System
Hose Pipe Bag,,System
Bauket,,System
LUJ TUBE,,System
Floter,,System
12.5HP PUMP,,System
445/50D710,,System
215/60R16,,System
SHOFT ROD,,System
CAR TYAR,,System
BANDL,,System
SAYKAL,,System
CD BANDAL,,System
Beg,,System
GAS SEGDI,,System
Boxc,,System
PLASTIK ROLL,,System
GONI KAPAD ROLL,,System
OIL BAREL,,System
TWO WHEELER TYRE JUNE,,System
CHAKKA,,System
PUMP NOS,,System
BOXZ,,System
SHP Pump,,System
Pto,,System
FITTINGS,,System
TEE SHURT,,System
JET PIPE,,System
D RUM,,System
FAYBAR BANDAL,,System
CIDI BUNDAL,,System
2.25-16 TUBE,,System
GENRATOR ,,System
DISK BUNDAL,,System
Ply Pis,,System
CHEARS BUNDAL,,System
TEBAL,,System
BIG TEBAL,,System
SMALL TEBAL,,System
BRECET,,System
Cable Box,,System
Stablizer Box,,System
Tel Dabba,,System
Loose Tin,,System
Loose Peti,,System
Coppor Box,,System
OI ,,System
CA RT,,System
RICE BOX,,System
Motar Crate,,System
SPARE PART Box,,System
Genset,,System
225/55R18,,System
ELECTRICAL Bag,,System
Machine Peti,,System
16-9-28 Tyre,,System
Chain Bundal,,System
Vayrup Bundal,,System
Rack Box,,System
Tv,,System
O2 Cilender Tank ,,System
295/95R20,,System
Clach Plate,,System
MEDIUM BATTERY,,System
Huk Sutte,,System
FARAME,,System
1000 *20 Tyre,,System
TYRR,,System
Gahu Goni ,,System
Genset Genrator,,System
SMALL KAPAD GATH,,System
BIG KAPAD GATH,,System
Biox,,System
Pot Goni,,System
Jet Pump,,System
Bush Bag,,System
Klach Plate ,,System
5 Liter Can,,System
Rocket Pillar Box,,System
BIKE MH14DG8312,,System
Coopr Bos,,System
Genset Box,,System
AGARBATTI BAG,,System
Boxx,,System
Chair Jod,,System
30 Kg Bag ,,System
ROTAR,,System
500-19 TYRE,,System
BA,,System
